{"-0.04999999999999999": {"sag_amplitude": {"mean": 0.5696944827948727, "std": 0.028484724139743636}, "voltage_base": {"mean": -75.86479894607336, "std": 3.793239947303668}, "steady_state_voltage_stimend": {"mean": -93.19863086900374, "std": 4.659931543450187}, "Spikecount": {"mean": 0, "std": 0.1}}, "0.025000000000000022": {"voltage_base": {"mean": -75.86479894607336, "std": 3.793239947303668}, "steady_state_voltage_stimend": {"mean": -67.97892518352782, "std": 3.398946259176391}, "Spikecount": {"mean": 0, "std": 0.1}}, "0.10000000000000003": {"AHP_depth_abs": {"mean": -61.78946600572722, "std": 0.27247530027761546}, "AP1_amp": {"mean": 75.43983585221343, "std": 3.771991792610672}, "adaptation_index": {"mean": -0.0001273885350176363, "std": 6.369426750881815e-06}, "amp_drop_first_last": {"mean": -0.8448541163180714, "std": 0.04224270581590357}, "AP_duration_half_width": {"mean": 0.9076923076924354, "std": 0.026646935501088438}, "AP_rise_rate_change": {"mean": -0.03953944125011518, "std": 0.050361571471730426}, "AP_fall_rate_change": {"mean": 0.01782420889128403, "std": 0.02133633393813574}, "Spikecount": {"mean": 13.0, "std": 0.65}, "time_to_last_spike": {"mean": 485.7000000000646, "std": 24.285000000003233}, "inv_time_to_first_spike": {"mean": 51.813471502597395, "std": 2.5906735751298697}, "inv_second_ISI": {"mean": 25.445292620866585, "std": 1.2722646310433294}, "inv_third_ISI": {"mean": 25.445292620866585, "std": 1.2722646310433294}, "inv_fourth_ISI": {"mean": 25.51020408163118, "std": 1.2755102040815591}, "inv_fifth_ISI": {"mean": 25.510204081626853, "std": 1.2755102040813426}, "inv_last_ISI": {"mean": 25.510204081626853, "std": 1.2755102040813426}, "mean_frequency": {"mean": 26.765493102734755, "std": 1.338274655136738}, "time_to_first_spike": {"mean": 19.299999999997496, "std": 0.9649999999998748}, "voltage_base": {"mean": -75.86479894607336, "std": 3.793239947303668}, "steady_state_voltage_stimend": {"mean": -57.07266620658264, "std": 2.853633310329132}}, "0.17500000000000004": {"AHP_depth_abs": {"mean": -57.90243837379314, "std": 0.31255754397541946}, "AP1_amp": {"mean": 76.1384662292786, "std": 3.8069233114639305}, "adaptation_index": {"mean": 0.0009503933625815658, "std": 4.751966812907829e-05}, "amp_drop_first_last": {"mean": 2.0668666001534604, "std": 0.10334333000767303}, "AP_duration_half_width": {"mean": 0.9370370370371606, "std": 0.05543196128557048}, "AP_rise_rate_change": {"mean": -0.10922576718991789, "std": 0.049901876439952676}, "AP_fall_rate_change": {"mean": -0.08018787425752463, "std": 0.018629027847954557}, "Spikecount": {"mean": 27.0, "std": 1.35}, "time_to_last_spike": {"mean": 486.30000000006476, "std": 24.315000000003238}, "inv_time_to_first_spike": {"mean": 102.04081632655107, "std": 5.102040816327554}, "inv_second_ISI": {"mean": 64.10256410256768, "std": 3.2051282051283843}, "inv_third_ISI": {"mean": 55.86592178771267, "std": 2.793296089385634}, "inv_fourth_ISI": {"mean": 53.76344086021811, "std": 2.6881720430109057}, "inv_fifth_ISI": {"mean": 53.47593582888005, "std": 2.6737967914440026}, "inv_last_ISI": {"mean": 53.47593582886485, "std": 2.673796791443243}, "mean_frequency": {"mean": 55.52128315853672, "std": 2.776064157926836}, "time_to_first_spike": {"mean": 9.799999999998036, "std": 0.48999999999990185}, "voltage_base": {"mean": -75.86479894607336, "std": 3.793239947303668}, "steady_state_voltage_stimend": {"mean": -51.3551689118283, "std": 2.5677584455914153}}}